Last Update: 2025-09-23,,,
ID,Name,Scores,Participated
1234574583,Nicole,2350,76
1234578551,peiyao,3570,5
1234582519,ethan,4790,6
1234586487,azri,6010,11
1234590455,Kee lele,7230,4
1234594423,Name 2,8450,5
1234598391,Name 3,9670,12
1234602359,Name 4,8540,7
1234606327,Name 5,7410,8
1234610295,Name 6,6280,9
1234614263,Super Long Name that is very very long long name,5150,10
1234618231,Name 8,4020,11
1234622199,Name 9,2890,12
1234626167,Name 10,1760,13
1234630135,Name 11,630,14
1234634103,Name 12,1120,15
1234638071,Name 13,1250,16
1234642039,Name 14,1380,17
1234646007,Name 15,1510,18
1234649975,Name 16,1640,19
1234653943,Name 17,1770,20
1234657911,Name 18,1900,21
1234661879,Name 19,2030,22
1234665847,Name 20,2160,23
1234669815,Cindy,2290,24
